OverallQual,OverallCond,BsmtFullBath,BsmtHalfBath,FullBath,HalfBath,BedroomAbvGr,KitchenAbvGr,TotRmsAbvGrd,Fireplaces,GarageCars,SalePrice,Age
7,5,1,0,2,1,3,1,8,0,2,208500,5
6,8,0,1,2,0,3,1,6,1,2,181500,31
7,5,1,0,2,1,3,1,6,1,2,223500,7
7,5,1,0,1,0,3,1,7,1,3,140000,91
8,5,1,0,2,1,4,1,9,1,3,250000,8
5,5,1,0,1,1,1,1,5,0,2,143000,16
8,5,1,0,2,0,3,1,7,1,2,307000,3
7,6,1,0,2,1,3,1,7,2,2,200000,36
7,5,0,0,2,0,2,2,8,2,2,129900,77
5,6,1,0,1,0,2,2,5,2,1,118000,69
5,5,1,0,1,0,3,1,5,0,1,129500,43
9,5,1,0,3,0,4,1,11,2,3,345000,1
5,6,1,0,1,0,2,1,4,0,1,144000,46
7,5,0,0,2,0,3,1,7,1,3,279500,1
6,5,1,0,1,1,2,1,5,1,1,157000,48
7,8,0,0,1,0,2,1,5,0,2,132000,78
6,7,1,0,1,0,2,1,5,1,2,149000,40
4,5,0,0,2,0,2,2,6,0,2,90000,39
5,5,1,0,1,1,3,1,6,0,2,159000,4
5,6,0,0,1,0,3,1,6,0,1,139000,51
8,5,0,0,3,1,4,1,9,1,3,325300,1
7,7,0,0,1,0,3,1,6,1,1,139400,77
8,5,0,0,2,0,3,1,7,1,2,230000,6
5,7,1,0,1,0,3,1,6,1,2,129900,31
5,8,1,0,1,0,3,1,6,1,1,154000,42
8,5,0,0,2,0,3,1,7,1,3,256300,2
5,7,0,1,1,0,3,1,5,0,2,134800,59
8,5,1,0,2,0,3,1,7,1,3,306000,3
5,6,1,0,1,0,2,1,6,2,1,207500,49
4,6,0,0,1,0,1,1,4,0,1,68500,81
4,4,0,0,1,0,3,1,6,0,1,40000,88
5,6,0,0,1,1,3,1,6,0,1,149350,42
8,5,0,0,2,0,3,1,7,0,2,179900,1
5,5,0,1,1,1,4,1,6,1,2,165500,51
9,5,1,0,2,0,2,1,6,1,2,277500,2
8,5,0,0,3,1,4,1,9,1,3,309000,2
5,5,0,0,1,1,3,1,6,0,2,145000,15
5,6,0,1,1,0,3,1,5,1,2,153000,55
5,7,1,0,1,0,3,1,5,0,1,109000,57
4,5,0,0,2,0,2,2,6,0,0,82000,53
6,5,0,0,2,0,3,1,6,1,2,160000,41
5,6,0,1,1,1,2,1,5,2,1,170000,48
5,7,1,0,1,0,2,1,5,0,2,144000,24
5,6,1,0,1,0,3,1,5,0,1,130250,33
5,6,1,0,1,0,3,1,6,0,1,141000,47
9,5,1,0,2,0,2,1,6,1,2,319900,5
7,5,1,0,1,1,1,1,6,1,2,239686,6
8,5,0,0,2,0,3,1,7,0,3,249700,1
4,5,0,0,2,0,2,3,8,0,0,113000,89
5,7,1,0,1,0,3,1,6,0,1,127000,41
6,6,0,1,2,0,3,1,6,0,2,177000,10
6,6,0,0,1,0,3,1,6,1,2,114500,72
5,5,1,0,1,0,2,1,5,0,2,110000,47
9,5,2,0,0,1,0,1,5,1,3,385000,25
5,5,0,0,1,0,3,1,6,1,2,130000,52
6,5,0,0,2,0,3,1,7,1,2,180500,44
8,5,1,0,2,1,3,1,7,0,2,172500,10
7,5,0,0,2,1,3,1,7,0,2,196500,2
10,5,0,0,3,1,3,1,10,1,3,438780,0
5,7,0,0,1,0,2,1,4,0,1,124900,36
6,5,1,0,1,1,3,1,5,0,2,158000,2
5,7,0,0,1,0,3,1,6,0,1,101000,87
8,5,0,0,2,0,2,1,6,1,2,202500,1
7,6,0,0,2,0,3,1,9,0,2,140000,89
7,5,1,0,2,1,3,1,8,0,2,219500,12
8,5,0,0,2,1,4,1,9,1,3,317000,3
7,5,1,0,2,0,3,1,7,1,2,180000,40
7,5,1,0,2,0,3,1,7,0,2,226000,4
4,6,0,0,1,0,2,1,4,0,1,80000,65
7,4,0,0,2,0,3,1,7,1,2,225000,53
7,6,1,0,2,0,3,1,8,2,2,244000,34
4,6,1,0,1,0,2,1,4,0,2,129500,25
7,5,0,0,2,1,3,1,7,1,2,185000,11
5,7,1,0,1,0,3,1,6,0,2,144900,56
3,6,0,0,2,0,3,2,8,0,1,107400,95
4,5,1,0,1,0,2,1,5,0,1,91000,36
4,7,0,0,1,0,2,1,4,0,1,135750,52
5,5,1,0,1,0,2,1,6,0,1,127000,60
4,5,0,0,2,0,4,2,8,0,0,136500,42
5,6,0,0,1,1,2,1,5,0,2,110000,99
6,6,0,0,2,1,4,1,8,1,1,193500,41
6,5,1,0,2,0,2,1,5,0,2,153500,8
8,5,0,0,2,0,3,1,6,1,3,245000,1
5,5,0,0,1,1,3,1,6,0,2,126500,47
7,5,0,0,2,1,3,1,7,1,2,168500,14
8,5,0,0,2,1,4,1,9,1,2,260000,15
6,5,0,0,2,1,3,1,6,1,2,174000,4
6,5,0,0,2,1,2,1,4,0,2,164500,0
3,2,0,0,1,0,2,1,6,0,0,85000,94
4,5,1,0,1,0,3,1,5,0,0,123600,13
4,5,0,0,1,0,2,1,4,0,2,109900,56
5,3,0,0,1,0,2,1,6,0,2,98600,45
5,7,1,0,1,0,2,1,5,0,2,163500,88
6,6,0,1,2,0,4,2,9,1,2,133900,97
6,5,1,0,2,1,3,1,7,0,2,204750,10
6,8,0,0,2,1,3,1,6,1,2,185000,16
7,5,0,0,2,0,3,1,6,0,2,214000,7
4,5,1,0,1,0,3,1,6,0,1,94750,42
5,5,0,0,1,0,2,1,5,0,1,83000,90
4,5,1,0,1,1,3,1,6,0,0,128950,51
6,7,1,0,2,0,3,1,6,2,2,205000,33
6,5,0,0,2,1,3,1,7,1,2,178000,25
5,5,0,0,2,0,4,2,8,0,2,118964,30
7,5,0,0,2,0,3,1,6,0,3,198900,1
7,4,0,0,1,1,4,1,7,2,1,169500,76
8,5,0,0,2,1,3,1,9,1,2,250000,5
4,7,0,0,1,0,2,1,6,0,1,100000,122
5,5,0,0,1,0,2,1,5,0,1,115000,60
5,7,0,0,2,0,3,1,7,0,0,115000,88
6,6,0,0,2,0,3,1,7,1,2,190000,33
6,4,0,0,2,0,4,1,7,0,1,136900,52
7,5,0,0,2,1,3,1,7,1,2,180000,10
7,5,1,0,2,1,4,1,10,1,3,383970,0
6,5,1,0,2,0,3,1,7,2,2,217000,54
6,8,1,0,2,1,3,1,9,1,1,259500,62
6,5,0,0,2,1,2,1,5,1,2,176000,8
5,5,0,1,1,0,3,1,6,1,1,139000,47
5,5,0,0,1,1,2,1,5,0,2,155000,1
7,5,1,0,3,0,5,1,11,2,3,320000,20
6,5,0,0,2,1,3,1,8,1,2,163990,1
6,5,1,0,1,0,1,1,4,2,2,180000,37
4,5,0,0,1,0,3,1,4,0,1,100000,68
6,7,0,0,1,0,3,1,5,0,1,136000,50
6,5,0,0,2,0,2,1,5,0,2,153900,15
6,5,0,0,2,0,3,1,7,1,2,181000,30
6,8,1,0,1,0,2,1,5,0,0,84500,71
6,5,0,0,2,0,2,1,5,1,2,128000,31
5,7,0,0,1,0,3,1,5,1,0,87000,77
6,5,0,0,1,1,3,1,6,1,2,155000,40
5,7,0,1,1,1,3,1,6,0,2,150000,48
7,6,0,0,2,1,4,1,8,2,2,226000,40
6,5,1,0,2,1,3,1,7,1,2,244000,9
5,6,1,0,1,0,3,1,7,0,2,150750,48
8,5,1,0,2,0,2,1,6,0,2,220000,8
5,6,0,0,2,1,3,1,7,1,2,180000,38
7,6,0,0,2,0,3,1,7,1,2,174000,38
5,5,0,0,2,0,3,1,5,1,1,143000,40
7,5,0,0,3,0,5,2,9,0,3,171000,18
8,5,0,0,2,1,3,1,7,2,3,230000,9
6,5,1,0,2,1,3,1,7,0,2,231500,12
4,5,0,0,1,0,3,1,5,1,0,115000,39
7,5,1,0,2,0,3,1,7,0,2,260000,1
5,4,0,0,2,0,4,1,6,0,2,166000,58
7,5,1,0,2,0,3,1,6,0,2,204000,10
5,5,1,0,2,0,6,2,10,0,2,125000,43
6,5,0,0,2,0,3,1,7,0,2,130000,2
5,7,1,0,1,0,2,1,5,0,1,105000,78
7,5,0,0,2,1,3,1,8,1,2,222500,9
7,5,1,0,1,0,3,1,6,0,0,141000,4
5,4,0,0,1,0,3,1,7,0,1,115000,70
5,6,0,0,1,1,3,1,5,0,2,122000,32
8,5,1,0,2,0,2,1,6,1,3,372402,1
6,5,0,0,2,1,4,1,8,1,2,190000,35
6,7,1,0,1,0,1,1,4,1,2,235000,48
6,5,0,0,1,0,4,1,7,0,1,125000,83
6,5,0,0,1,0,2,1,5,0,0,79000,84
5,7,0,0,1,0,2,1,5,0,2,109500,56
8,5,0,0,2,1,4,1,8,1,3,269500,1
7,5,0,0,2,1,3,1,8,1,2,254900,6
7,5,1,0,2,1,4,1,9,1,2,320000,1
6,6,0,0,2,0,3,1,6,0,2,162500,24
9,5,1,0,2,1,3,1,10,2,3,412500,5
7,5,0,0,2,0,3,1,7,1,2,220000,5
4,6,0,0,1,0,1,1,4,0,0,103200,51
6,7,0,0,2,0,3,1,5,0,1,152000,81
5,7,1,0,2,0,4,2,6,0,0,127500,68
5,5,1,0,1,0,2,1,7,3,1,190000,54
8,5,1,0,1,1,3,1,8,1,3,325624,0
7,5,0,0,2,1,3,1,7,1,2,183500,3
8,6,0,0,2,1,2,1,6,1,2,228000,25
5,6,0,0,1,1,2,1,7,0,2,128500,66
6,5,1,0,1,0,3,1,7,2,2,215000,50
7,7,1,0,2,0,2,1,5,1,2,239000,19
6,5,1,0,1,1,3,1,6,1,2,163000,47
6,5,1,0,2,0,3,1,7,1,2,184000,22
6,7,1,0,2,0,4,1,7,1,2,243000,57
6,5,0,1,2,1,4,1,8,1,2,211000,19
5,5,1,0,2,0,4,1,8,1,2,172500,48
9,5,1,0,2,0,1,1,9,1,3,501837,1
5,6,0,0,1,0,2,1,5,0,2,100000,84
6,5,0,0,2,1,3,1,5,1,2,177000,7
7,6,0,0,1,1,4,1,9,1,1,200100,86
5,6,0,0,1,0,3,1,7,1,1,120000,50
7,5,0,0,2,1,3,1,6,0,2,200000,5
5,8,0,0,1,0,3,1,5,0,2,127000,98
10,9,0,0,2,1,4,1,12,2,3,475000,114
7,5,1,0,2,0,3,1,6,0,2,173000,19
5,7,0,0,2,1,3,1,8,0,1,135000,93
5,5,2,0,0,2,2,2,6,2,2,153337,30
8,5,1,0,1,1,0,1,5,1,2,286000,7
8,8,0,0,2,1,3,1,10,2,2,315000,75
7,9,1,0,1,1,4,1,7,0,2,184000,35
7,5,1,0,2,0,3,1,6,0,2,192000,10
7,5,0,0,2,0,3,1,7,0,2,130000,2
5,7,0,0,1,0,3,1,5,0,1,127000,36
6,6,0,0,2,1,3,1,7,1,2,148500,33
7,5,1,0,2,0,3,1,8,1,3,311872,0
8,4,1,1,2,0,4,1,8,1,2,235000,88
6,6,0,0,1,0,5,1,8,0,0,104000,97
8,5,1,0,2,0,3,1,7,1,3,274900,5
4,5,0,0,2,0,2,1,5,0,2,140000,7
6,6,0,1,2,0,3,1,6,2,2,171500,31
6,6,0,0,2,0,2,1,6,0,1,112000,82
6,5,1,0,1,0,1,1,3,1,2,149000,4
5,7,0,0,1,1,2,1,5,0,1,110000,62
7,5,0,0,2,0,3,1,5,0,2,180500,19
5,5,0,0,1,1,3,1,8,1,1,143900,45
4,5,1,0,1,0,3,1,6,1,1,141000,48
7,5,1,0,2,1,3,1,7,1,2,277000,19
6,7,1,0,1,0,3,1,6,0,2,145000,44
5,6,1,0,1,0,2,1,5,0,0,98000,83
6,5,0,0,2,0,3,1,6,0,2,186000,1
7,5,1,0,2,1,3,1,7,1,2,252678,0
5,5,0,1,1,0,3,1,5,0,2,156000,11
6,7,0,0,1,1,3,1,6,0,1,161750,33
5,6,0,1,1,0,2,1,6,1,1,134450,49
7,5,1,0,2,0,3,1,8,0,2,210000,4
4,4,0,0,1,0,3,1,8,0,1,107000,81
7,9,0,1,1,1,3,1,8,2,2,311500,69
7,5,0,0,2,0,2,1,5,0,2,167240,1
7,5,0,0,2,0,2,1,5,0,2,204900,0
6,5,0,0,2,1,4,1,8,1,2,200000,7
6,6,1,0,2,1,3,1,6,1,2,179900,31
4,6,0,0,1,0,2,1,4,0,2,97000,38
10,5,0,0,2,0,3,1,8,1,3,386250,6
5,5,0,0,2,1,3,1,6,0,1,112000,38
7,5,0,0,2,1,4,1,9,1,3,290000,12
6,6,0,0,1,1,2,1,5,0,1,106000,38
5,5,0,0,1,0,3,1,5,1,1,125000,43
7,5,0,0,2,0,2,1,7,1,2,192500,4
6,6,1,0,1,0,3,1,6,0,1,148000,51
8,5,1,0,2,1,4,1,9,1,3,403000,14
6,5,0,0,1,1,2,1,5,1,1,94500,34
5,6,1,0,1,0,3,1,5,0,1,128200,34
6,5,1,0,2,1,4,1,8,2,2,216500,8
6,3,0,0,1,1,2,1,5,0,1,89500,37
7,5,0,0,2,0,3,1,6,0,2,185500,6
7,7,0,0,2,1,3,1,7,0,2,194500,17
8,5,0,0,2,0,3,1,7,0,3,318000,0
6,4,0,0,1,1,3,1,7,1,1,113000,65
8,5,1,0,2,0,3,1,7,0,2,262500,2
5,9,0,0,1,0,2,1,4,0,0,110500,62
5,4,0,0,1,0,3,1,6,0,1,79000,106
6,6,0,0,1,1,3,1,6,1,1,120000,29
7,5,1,0,2,1,3,1,8,2,2,205000,16
7,5,0,1,2,0,3,1,6,1,2,241500,18
6,8,0,0,2,0,4,2,9,0,1,137000,96
6,5,0,0,1,0,2,1,5,1,2,140000,52
7,5,0,0,2,1,3,1,8,0,2,180000,4
6,7,0,1,2,0,4,1,7,2,2,277000,49
3,2,0,0,1,0,3,1,6,0,0,76500,70
8,5,1,1,2,0,2,1,5,1,2,235000,1
6,5,0,0,2,1,3,1,6,0,2,173000,4
6,7,0,1,2,0,3,1,7,0,1,158000,43
5,6,1,0,1,0,3,1,5,0,1,145000,53
7,5,0,0,2,1,4,1,8,1,2,230000,7
6,5,0,0,2,1,3,1,7,0,2,207500,5
7,5,1,0,2,1,3,1,8,1,2,220000,3
7,5,0,0,2,1,3,1,7,1,2,231500,7
5,5,0,0,1,0,2,1,4,0,1,97000,52
6,5,1,0,1,0,3,1,6,1,2,176000,47
8,5,0,0,2,1,3,1,10,1,3,276000,0
6,7,1,0,1,0,3,1,6,1,2,151000,29
5,7,1,0,1,0,3,1,6,0,2,130000,81
5,5,0,0,1,0,2,1,4,0,2,73000,83
6,6,0,0,2,0,3,1,7,1,2,175500,27
6,5,1,0,2,1,3,1,8,1,2,185000,9
5,8,0,0,2,1,4,1,8,1,1,179500,69
5,6,0,0,1,0,2,1,4,1,1,120500,68
6,7,1,0,1,1,3,1,6,1,1,148000,31
8,5,0,0,2,1,3,1,8,1,3,266000,0
7,7,1,0,1,0,2,1,5,2,2,241500,54
8,7,0,0,2,1,4,1,9,1,3,290000,11
6,6,1,0,2,0,3,1,6,1,1,139000,51
5,7,0,0,1,0,2,1,5,0,1,124500,25
7,7,0,0,2,1,3,1,5,0,2,205000,84
7,5,0,0,2,0,3,1,7,0,2,201000,7
4,5,0,0,1,0,2,1,4,0,2,141000,59
9,5,0,0,2,1,3,1,8,1,3,415298,1
7,5,0,0,2,1,4,1,8,1,2,192000,31
7,6,0,0,2,1,3,1,7,1,2,228500,18
6,5,0,0,2,0,2,1,5,0,2,185000,0
7,5,1,0,2,0,2,1,6,1,2,207500,2
8,5,0,0,2,0,3,1,6,1,3,244600,1
6,5,1,0,2,0,2,1,5,0,2,179200,15
7,5,0,0,2,1,2,1,5,0,2,164700,1
6,7,0,0,1,1,3,1,7,1,2,159000,44
4,4,0,0,1,0,3,1,5,0,0,88000,35
5,5,0,0,1,0,3,1,5,0,1,122000,43
6,7,0,0,1,0,3,1,7,0,1,153575,92
8,5,0,0,2,1,3,1,8,1,2,233230,0
5,6,1,0,2,0,6,1,9,0,0,135900,96
5,4,0,0,1,1,3,1,8,1,1,131000,60
7,7,1,0,2,1,3,1,9,1,2,235000,29
6,5,1,0,1,0,3,1,7,2,2,167000,56
6,6,1,0,1,0,3,1,6,0,2,142500,22
5,5,0,0,1,1,4,1,6,0,1,152000,57
7,5,0,0,2,1,3,1,7,1,2,239000,10
6,6,0,1,1,2,3,1,7,1,2,175000,39
6,8,0,1,1,0,3,1,6,1,1,158500,59
5,5,1,0,1,0,2,1,5,2,1,157000,53
8,5,0,0,2,1,4,1,9,1,2,267000,9
7,5,0,0,2,0,3,1,6,1,3,205000,5
5,7,1,0,1,0,3,1,5,0,2,149900,34
7,9,0,0,3,0,3,1,10,1,3,295000,128
8,5,1,0,2,0,3,1,8,0,3,305900,3
7,5,1,0,2,1,4,1,8,1,3,225000,17
6,7,0,0,1,0,3,1,6,0,0,89500,88
4,5,0,0,1,0,1,1,4,0,2,82500,69
9,5,1,0,2,0,3,1,8,3,3,360000,3
6,5,0,0,2,1,3,1,6,1,2,165600,13
6,6,1,0,1,0,2,1,5,1,1,132000,61
5,7,1,0,1,0,3,1,5,1,2,119900,67
7,5,2,0,2,0,3,1,8,2,2,375000,44
7,7,0,1,1,1,3,1,6,1,2,178000,81
7,5,1,0,2,1,3,1,6,1,2,188500,5
7,7,1,0,2,1,4,1,10,1,2,260000,29
8,5,0,0,2,1,3,1,8,1,3,270000,1
7,5,1,0,2,1,4,1,9,1,3,260000,16
7,5,1,0,2,0,3,1,6,2,2,187500,29
9,5,0,0,3,1,4,1,9,0,3,342643,0
8,5,1,0,2,1,4,1,10,1,3,354000,3
7,5,1,0,2,1,4,1,8,1,2,301000,21
3,8,1,0,1,0,3,1,6,0,1,126175,51
7,7,0,0,2,1,5,1,11,1,2,242000,43
5,6,0,0,1,0,2,1,5,0,2,87000,66
8,5,2,0,1,1,1,1,6,2,2,324000,15
6,5,0,0,1,1,3,1,7,0,1,145250,46
6,6,0,0,2,0,5,1,10,0,2,214500,93
5,5,0,0,1,0,3,1,6,0,1,78000,89
5,4,0,1,2,0,6,2,10,0,1,119000,43
5,6,1,0,1,0,3,1,6,0,1,139000,49
8,5,1,0,2,0,3,1,7,1,3,284000,6
7,5,1,0,2,0,2,1,6,1,2,207000,4
6,5,1,0,2,1,3,1,7,2,2,192000,10
5,6,2,0,2,0,3,1,7,2,2,228950,43
9,5,1,0,2,0,3,1,8,1,3,377426,2
7,5,1,0,2,0,3,1,7,0,2,214000,6
7,7,1,0,2,0,3,1,8,0,2,202500,22
6,7,0,0,1,0,3,1,6,0,1,155000,51
8,5,0,0,2,1,4,1,9,0,2,202900,8
4,4,0,0,1,0,2,1,4,0,1,82000,59
3,4,0,0,2,0,2,2,6,0,2,87500,57
9,5,0,0,2,0,2,1,6,1,2,266000,3
5,3,0,0,1,1,3,1,4,0,1,85000,34
6,5,0,0,1,0,3,1,6,1,1,140200,67
6,8,0,0,1,0,2,1,5,0,1,151500,47
6,5,1,0,2,0,3,1,6,2,2,157500,49
7,5,1,0,2,1,2,1,6,0,2,154000,5
9,5,1,0,2,1,4,1,10,2,3,437154,1
9,5,0,0,2,0,2,1,6,1,2,318061,0
7,5,1,0,1,1,2,1,6,1,2,190000,20
5,6,0,1,1,0,3,1,5,0,1,95000,67
6,8,0,0,1,0,2,1,5,0,2,105900,82
6,5,0,0,1,0,2,1,6,2,1,140000,66
6,5,1,0,2,0,3,1,6,0,2,177500,12
6,6,1,0,2,0,3,1,6,0,2,173000,17
5,5,1,0,1,1,3,1,6,1,2,134000,31
5,4,0,1,1,0,3,1,6,0,1,130000,48
8,5,1,0,2,1,3,1,7,1,2,280000,8
6,6,1,0,1,0,2,1,5,1,2,156000,29
5,5,1,0,1,0,3,1,8,0,1,145000,68
7,5,0,0,3,0,4,1,7,1,2,198500,6
6,8,0,0,1,1,2,1,5,0,1,118000,37
6,5,1,0,2,1,3,1,6,1,2,190000,30
5,7,0,0,1,0,3,1,6,0,1,147000,89
6,5,1,0,1,1,3,1,6,2,2,159000,46
6,5,0,1,1,0,3,1,6,1,1,165000,46
5,6,0,0,1,0,2,1,7,1,1,132000,56
5,7,1,0,1,0,3,1,7,1,2,162000,51
6,5,0,0,2,1,3,1,7,1,2,172400,6
4,4,0,0,2,0,4,1,7,1,2,134432,49
6,5,1,0,1,0,2,1,4,0,1,125000,26
5,6,1,0,1,0,3,1,5,0,1,123000,56
7,5,0,0,2,1,4,1,8,1,2,219500,4
1,1,1,0,0,1,1,1,4,0,0,61000,87
5,5,0,0,1,0,2,1,5,0,2,148000,10
8,5,0,0,3,0,4,1,8,1,2,340000,3
9,2,1,0,1,1,1,1,8,1,3,394432,0
6,5,0,0,2,1,3,1,7,1,2,179000,9
5,6,0,0,2,0,3,1,6,1,1,127000,86
7,5,1,0,2,0,2,1,5,1,2,187750,0
7,5,0,0,2,1,3,1,8,0,2,213500,1
6,3,0,0,1,0,2,1,5,0,2,76000,81
6,5,1,0,2,1,3,1,9,2,2,240000,15
8,5,0,0,2,0,2,1,6,1,2,192000,6
5,3,0,0,1,0,5,1,8,0,0,81000,96
6,6,1,0,1,0,3,1,6,1,1,125000,33
7,5,0,0,2,0,3,1,6,0,2,191000,9
10,5,1,0,2,1,3,1,9,1,3,426000,1
5,8,1,0,1,0,4,1,7,0,1,119000,108
6,5,1,0,2,1,3,1,7,1,2,215000,8
5,7,0,0,1,0,3,1,5,0,1,106500,48
4,5,0,0,1,0,2,1,4,2,0,100000,65
5,6,0,0,1,0,2,1,5,0,1,109000,67
5,6,1,0,1,0,3,1,6,0,1,129000,54
5,5,0,0,1,0,2,1,6,0,2,123000,37
5,5,0,0,2,0,4,1,8,1,1,169500,45
5,2,0,0,1,0,2,1,6,0,1,67000,87
7,5,1,0,2,0,2,1,7,0,2,241000,3
8,5,1,0,1,1,1,1,4,2,2,245500,12
7,5,0,0,2,0,3,1,6,1,2,164990,1
5,8,0,0,1,0,2,1,4,0,1,108000,68
8,5,0,0,2,1,4,1,10,1,2,258000,8
6,5,0,0,2,1,3,1,7,1,2,168000,12
4,4,1,0,2,0,3,1,8,1,2,150000,33
6,5,0,0,1,0,3,1,6,0,1,115000,72
6,7,0,0,2,0,4,1,8,0,1,177000,93
7,5,0,0,2,1,3,1,9,1,3,280000,1
8,5,1,0,2,1,3,1,8,1,3,339750,1
5,3,0,0,1,0,3,1,5,0,1,60000,51
5,5,1,0,1,0,3,1,5,0,2,145000,51
7,5,1,0,2,1,2,1,7,1,2,222000,1
5,6,0,0,1,0,2,1,5,1,2,115000,83
7,5,0,1,2,1,3,1,9,1,3,228000,15
7,5,0,0,2,0,3,1,6,0,2,181134,0
6,7,0,0,1,1,3,1,6,1,2,149500,28
6,6,1,0,2,1,4,1,10,1,3,239000,89
5,6,1,0,1,1,3,1,7,0,1,126000,67
5,6,1,0,1,0,3,1,6,1,1,142000,42
7,5,2,0,2,0,2,2,8,0,4,206300,11
6,7,0,1,2,0,3,1,8,1,2,215000,32
5,5,0,0,1,0,2,1,4,0,2,113000,54
8,5,1,0,2,1,4,1,8,1,3,315000,10
6,5,1,0,1,0,2,1,6,1,1,139000,52
7,8,0,0,1,1,3,1,6,2,1,135000,63
7,5,1,1,2,0,2,1,5,1,2,275000,20
4,6,0,0,1,0,3,1,5,0,1,109008,51
7,5,1,0,2,0,2,1,6,0,2,195400,0
6,5,1,0,2,0,3,1,6,1,2,175000,21
6,5,0,0,1,1,2,1,4,0,1,85400,37
6,7,0,0,1,0,4,1,7,0,0,79900,88
5,5,1,0,1,1,2,1,6,0,2,122500,36
6,5,0,0,2,1,3,1,7,1,2,181000,11
4,7,1,0,1,0,1,1,3,0,0,81000,36
7,6,1,0,2,1,3,1,6,1,2,212000,13
6,8,0,0,1,0,2,1,6,0,2,116000,86
6,7,0,0,1,0,2,1,4,0,1,119000,83
5,6,0,0,1,0,2,1,4,1,1,90350,94
6,8,0,0,1,0,3,1,7,0,2,110000,89
10,5,1,0,2,0,2,1,10,2,3,555000,1
4,4,0,0,2,0,4,2,8,0,0,118000,53
5,7,0,0,2,0,3,1,8,1,2,162900,78
7,5,0,0,2,0,2,1,6,1,3,172500,1
7,5,1,0,2,1,4,1,8,1,2,210000,14
6,5,0,0,1,0,3,1,7,1,2,127500,53
6,6,0,0,2,1,2,1,6,1,2,190000,44
7,5,0,0,2,1,4,1,10,1,2,199900,8
6,6,0,0,2,0,3,1,7,1,1,119500,69
3,7,0,0,1,1,2,1,6,0,1,120000,59
6,8,0,0,1,0,2,1,5,0,1,110000,76
7,5,1,0,2,0,2,1,5,2,2,280000,31
6,5,1,0,2,1,3,1,7,0,2,204000,11
8,5,0,0,2,1,3,1,6,0,2,210000,1
5,5,2,0,2,0,4,2,8,0,2,188000,30
7,6,0,0,1,1,3,1,6,1,2,175500,34
5,5,0,0,1,0,4,1,7,0,3,98000,92
4,6,1,0,1,0,2,1,6,2,2,256000,54
8,7,0,0,1,0,3,1,7,1,1,161000,83
5,4,1,0,1,0,3,1,5,1,1,110000,59
8,5,1,0,2,1,3,1,8,0,2,263435,0
7,9,1,0,1,0,3,1,6,0,2,155000,73
5,5,0,0,1,0,3,1,5,1,1,62383,44
6,7,0,0,1,1,3,1,6,1,1,188700,74
5,5,0,0,2,0,3,1,5,0,0,124000,31
7,5,0,0,2,0,2,1,6,1,2,178740,2
7,5,1,0,1,0,2,1,5,1,2,167000,37
5,7,0,0,1,1,3,1,7,2,1,146500,65
8,5,0,0,2,0,3,1,7,1,3,250000,1
6,5,0,0,2,1,3,1,7,0,2,187000,15
8,5,1,0,1,1,1,1,4,0,2,212000,25
7,6,0,0,2,1,3,1,8,1,2,190000,30
6,5,1,0,1,0,2,1,5,0,2,148000,3
8,5,1,0,2,0,2,1,7,1,3,440000,1
8,5,1,0,2,0,2,1,6,0,2,251000,7
5,6,1,0,1,0,2,1,5,0,2,132500,44
6,5,1,0,2,0,3,1,7,1,2,208900,11
9,5,0,0,2,1,3,1,9,1,3,380000,1
8,5,1,0,2,0,3,1,7,1,3,297000,2
4,7,0,0,1,0,2,1,7,0,2,89471,70
9,5,1,0,2,0,3,1,8,1,3,326000,2
9,5,1,0,2,0,2,1,6,1,3,374000,3
7,8,1,0,1,1,4,1,7,1,1,155000,94
6,5,1,0,2,0,2,1,5,0,2,164000,8
5,7,1,0,1,0,3,1,6,0,1,132500,45
5,7,0,0,1,0,3,1,5,1,1,147000,59
5,7,1,0,1,1,3,1,6,0,2,156000,42
5,6,0,0,2,0,3,1,7,1,2,175000,36
5,4,0,0,2,0,3,2,10,1,2,160000,106
4,8,1,0,1,0,1,1,3,0,1,86000,39
5,6,0,0,1,1,3,1,4,1,1,115000,32
6,7,1,0,1,0,3,1,5,2,1,133000,65
6,5,0,0,2,1,3,1,8,0,2,172785,0
5,6,0,0,1,1,3,1,6,1,1,155000,48
5,8,0,0,1,0,2,1,4,0,1,91300,71
4,5,0,0,1,0,2,1,4,0,0,34900,89
8,5,1,0,3,0,4,1,10,1,2,430000,15
7,6,1,0,2,0,4,1,8,0,1,184000,83
5,7,0,0,1,0,3,1,5,0,1,130000,42
5,7,0,1,1,0,2,1,5,0,1,120000,49
6,5,0,0,1,1,3,1,7,0,1,113000,34
7,5,0,0,2,1,3,1,7,0,2,226700,3
5,7,1,0,1,0,2,1,6,0,2,140000,42
7,8,1,0,2,0,1,1,6,2,2,289000,51
6,5,0,1,2,1,3,1,6,1,2,147000,35
5,5,0,0,2,0,4,2,10,0,2,124500,57
8,5,0,0,2,1,3,1,8,1,2,215000,13
6,5,0,0,2,0,2,1,4,0,2,208300,0
7,9,0,0,2,0,3,1,7,1,2,161000,80
5,6,1,0,1,0,3,1,6,0,1,124500,50
5,7,1,0,1,0,2,1,6,2,1,164900,58
7,5,0,0,2,0,2,1,6,1,2,202665,1
5,5,1,0,1,0,3,1,5,0,2,129900,48
6,5,0,0,1,1,3,1,5,0,2,134000,24
5,5,0,0,1,0,2,1,5,0,1,96500,81
10,5,1,0,2,1,3,1,9,1,3,402861,0
6,6,0,0,2,1,3,1,7,1,2,158000,37
7,5,0,0,2,1,3,1,7,1,3,265000,13
6,5,1,0,2,1,3,1,7,0,2,211000,9
7,9,0,0,1,1,3,1,9,2,1,234000,83
4,7,0,0,2,0,3,2,7,0,0,106250,108
6,6,0,0,1,1,3,1,6,2,1,150000,50
6,7,0,0,2,0,3,1,7,2,2,159000,59
10,5,1,0,3,1,3,1,11,1,3,184750,0
7,5,1,0,2,1,3,1,8,1,3,315750,11
7,5,0,0,2,0,3,1,6,1,2,176000,1
5,7,0,0,1,0,2,1,4,0,1,132000,51
9,5,1,0,2,1,3,1,11,1,3,446261,0
4,7,1,0,1,0,2,1,5,0,0,86000,87
6,3,1,0,3,0,4,2,9,2,2,200624,50
6,5,1,0,2,0,3,1,5,1,2,175000,20
6,8,0,0,2,0,3,1,6,0,2,128000,88
5,7,0,0,1,0,2,1,5,1,1,107500,55
1,3,0,0,1,0,1,1,2,0,0,39300,61
8,5,0,0,2,1,3,1,6,1,2,178000,2
5,7,1,0,1,0,3,1,5,0,0,107500,98
7,5,0,0,2,1,3,1,8,0,2,188000,10
4,5,0,0,1,0,3,1,5,0,2,111250,36
5,5,0,0,1,1,3,1,7,1,1,158000,38
8,5,1,0,2,0,3,1,6,1,2,272000,9
9,5,1,0,2,0,2,1,8,1,3,315000,3
8,5,0,0,2,1,4,1,8,1,3,248000,7
7,5,1,0,2,0,3,1,7,1,2,213250,11
7,5,1,0,1,0,1,1,4,0,1,133000,9
7,5,1,0,2,1,3,1,7,1,2,179665,0
7,5,0,0,2,1,4,1,9,0,3,229000,18
6,7,0,0,1,1,3,1,6,1,2,210000,84
5,7,1,0,1,0,2,1,5,0,2,129500,37
5,7,1,0,1,0,2,1,4,0,2,125000,53
7,5,0,0,2,1,4,1,8,1,2,263000,6
6,6,0,0,2,0,2,1,4,0,2,140000,31
5,6,0,0,1,0,3,1,5,0,1,112500,51
8,5,0,0,2,0,3,1,7,1,3,255500,3
4,5,0,0,2,0,2,1,5,0,2,108000,60
7,5,1,0,2,1,3,1,8,1,3,284000,5
5,6,0,0,1,0,2,1,5,1,1,113000,84
5,5,1,0,1,0,2,1,6,1,1,141000,49
4,6,0,0,1,1,3,1,7,0,1,108000,86
7,5,0,1,2,1,3,1,6,1,2,175000,12
7,5,0,0,2,0,2,1,7,1,2,234000,3
5,6,1,0,1,1,3,1,5,1,2,121500,53
5,5,1,0,1,0,2,1,6,1,2,170000,32
5,6,1,0,1,0,3,1,6,1,0,108000,68
6,7,0,0,2,0,4,1,8,1,2,185000,90
7,5,1,0,2,1,4,1,9,1,2,268000,14
6,4,1,0,1,1,4,1,6,0,1,128000,95
9,5,0,0,2,1,4,1,11,1,3,325000,3
7,5,0,0,2,0,3,1,7,0,2,214000,6
8,8,1,0,1,1,1,1,5,1,2,316600,26
5,5,1,0,1,0,2,1,4,2,2,135960,27
5,5,0,0,2,0,6,2,10,0,2,142600,43
6,6,1,0,1,0,2,1,4,0,1,120000,47
7,5,0,0,2,1,3,1,6,0,2,224500,0
7,5,0,0,2,1,3,1,8,1,2,170000,7
5,7,0,1,1,0,3,1,5,0,1,139000,36
5,5,0,0,1,0,2,1,6,0,1,118500,61
7,7,0,1,2,0,3,1,6,1,1,145000,81
5,6,1,0,1,0,3,1,6,2,2,164500,40
7,5,0,0,2,0,2,1,5,0,2,146000,1
5,5,0,0,2,0,4,1,7,0,1,131500,54
6,6,0,1,1,0,3,1,7,2,2,181900,47
8,5,0,0,2,1,3,1,8,1,3,253293,1
6,5,1,0,1,0,3,1,5,0,0,118500,17
10,9,0,0,3,1,3,1,9,1,2,325000,115
4,7,0,0,1,0,3,1,6,0,1,133000,74
8,5,1,0,2,0,2,1,7,2,3,369900,1
6,7,1,0,1,0,2,1,5,0,1,130000,90
5,6,1,0,1,0,2,1,4,0,2,137000,27
5,8,2,0,1,0,1,1,5,2,1,143000,41
5,6,0,0,1,0,2,1,4,0,1,79500,78
7,5,0,0,2,1,3,1,6,0,2,185900,4
10,5,1,0,2,1,3,1,10,1,3,451950,1
5,8,1,0,1,0,2,1,4,0,2,138000,26
6,5,1,0,1,0,1,1,4,0,2,140000,6
5,6,0,0,1,0,3,1,5,0,1,110000,33
8,5,1,0,2,0,3,1,7,1,3,319000,1
6,7,0,0,1,0,3,1,7,0,1,114504,96
7,5,0,2,0,2,2,1,7,1,3,194201,1
5,6,1,0,2,0,3,1,7,1,2,217500,29
6,6,1,0,2,1,3,1,6,1,2,151000,28
8,5,1,0,2,1,3,1,8,1,2,275000,1
6,6,0,0,1,1,3,1,6,1,1,141000,70
8,5,1,0,2,1,3,1,8,1,2,220000,14
7,5,0,0,2,1,2,1,4,0,2,151000,6
7,5,1,0,2,0,3,1,6,1,2,221000,6
7,6,0,0,2,1,3,1,7,3,2,205000,44
5,5,1,0,1,0,3,1,6,0,2,152000,13
5,8,1,0,3,0,3,1,8,0,1,225000,58
8,6,0,0,2,1,4,1,10,2,2,359100,73
4,5,1,0,1,0,3,1,5,0,1,118500,46
9,5,1,0,2,1,3,1,8,2,3,313000,9
6,6,0,1,2,0,3,1,6,1,2,148000,29
8,5,1,0,2,1,3,1,7,1,2,261500,8
5,5,0,0,1,0,3,1,6,0,0,147000,0
4,6,1,0,1,0,1,1,3,0,0,75500,38
6,7,1,0,1,0,3,1,6,0,2,137500,47
6,5,1,0,2,1,3,1,7,1,2,183200,4
6,6,0,0,1,0,2,1,4,0,2,105500,54
9,5,0,0,2,0,3,1,9,1,3,314813,0
8,5,1,0,2,1,4,1,10,2,3,305000,5
3,3,1,0,1,0,2,1,5,0,0,67000,94
6,7,0,0,2,1,4,1,9,1,2,240000,34
5,6,0,0,1,0,3,1,6,0,2,135000,32
6,5,0,0,2,1,2,1,4,1,2,168500,7
6,5,1,0,1,2,4,1,8,1,2,165150,34
6,6,0,0,1,1,3,1,5,0,2,160000,48
5,5,0,0,1,0,3,1,6,1,1,139900,47
6,6,1,0,1,0,3,1,7,2,1,153000,55
5,5,0,1,1,2,5,1,9,2,2,135000,38
6,5,1,0,1,1,3,1,6,0,2,168500,44
5,6,0,0,1,0,3,1,8,0,1,124000,126
8,5,0,0,2,0,2,1,6,1,2,209500,1
7,5,0,0,2,0,3,1,6,1,2,82500,32
5,7,0,1,1,0,3,1,6,0,1,139400,53
6,5,2,0,0,0,0,2,4,0,2,144000,30
6,7,0,0,2,0,8,2,14,0,0,200000,93
2,3,0,0,1,0,1,1,4,1,0,60000,73
5,4,0,0,2,0,3,2,7,0,1,93000,55
5,7,0,0,1,0,2,1,4,0,0,85000,98
8,5,1,0,2,0,1,1,7,1,3,264561,0
8,5,0,0,1,1,1,1,6,1,2,274000,5
7,5,1,0,2,1,3,1,7,1,2,226000,6
8,7,1,0,2,1,4,1,9,3,2,345000,37
5,5,0,0,2,1,4,1,7,0,2,152000,38
9,5,1,0,2,1,2,1,7,1,3,370878,0
6,5,1,0,1,1,3,1,5,0,2,143250,36
5,5,0,0,1,0,3,1,7,0,2,98300,58
6,5,0,0,1,0,3,1,5,2,2,155000,55
6,5,0,0,1,1,4,1,7,1,2,155000,44
4,6,1,0,1,0,1,1,3,0,0,84500,37
7,6,0,0,2,1,3,1,7,0,2,205950,1
4,5,1,0,1,0,4,1,7,1,1,108000,69
7,5,0,0,2,1,2,1,7,1,2,191000,13
6,7,0,0,1,0,3,1,7,0,1,135000,102
8,6,1,0,2,1,2,1,7,1,3,350000,13
6,5,0,0,1,1,3,1,6,0,1,88000,39
5,7,1,0,1,1,3,1,5,0,1,145500,49
7,6,0,0,1,1,3,1,6,1,1,149000,77
6,5,0,1,1,0,3,1,6,1,1,97500,62
5,7,1,0,1,0,3,1,7,0,2,167000,45
7,7,0,0,2,1,3,1,7,1,2,197900,31
8,7,1,0,2,1,4,1,8,1,3,402000,15
6,3,1,0,1,0,2,1,5,2,2,110000,41
4,5,1,0,2,0,3,1,6,0,2,137500,36
8,5,1,0,1,1,1,1,8,1,3,423000,1
8,5,0,0,2,1,3,1,7,1,2,230500,6
6,5,0,0,2,1,3,1,7,1,2,129000,42
6,5,1,0,2,0,3,1,7,1,2,193500,14
5,6,1,0,1,1,3,1,6,1,2,168000,50
4,5,0,0,1,0,2,1,5,1,1,137500,84
6,5,1,0,2,1,3,1,7,0,2,173500,4
6,6,1,0,2,0,3,1,6,0,1,103600,84
6,6,1,0,1,1,3,1,6,1,2,165000,29
6,7,1,0,2,0,3,1,7,2,2,257500,50
6,6,1,0,1,0,3,1,5,1,1,140000,43
6,6,0,0,2,1,3,1,7,1,2,148500,31
4,2,1,0,2,0,4,2,8,0,3,87000,106
5,8,0,0,1,0,2,1,5,0,1,109500,85
8,5,0,0,2,1,3,1,7,1,3,372500,1
5,5,1,0,1,0,3,1,5,0,2,128500,46
6,5,0,0,2,0,2,1,5,1,1,143000,30
5,5,0,0,1,0,3,1,6,0,1,159434,77
6,5,1,0,1,0,2,1,6,1,2,173000,12
9,5,1,0,2,0,3,1,7,1,3,285000,5
7,5,0,0,2,1,4,1,7,0,2,221000,12
7,5,1,0,2,0,3,1,6,1,2,207500,23
7,6,0,0,3,0,3,1,7,0,2,227875,0
7,5,0,0,2,1,2,1,4,0,2,148800,3
8,6,1,0,2,0,2,1,7,1,2,392000,0
6,5,0,0,2,0,2,1,6,1,2,194700,2
6,5,1,0,1,0,1,1,3,1,2,141000,4
10,6,0,1,3,1,4,1,10,2,3,755000,13
7,5,1,0,2,1,4,1,9,2,2,335000,17
5,6,0,0,1,0,2,1,4,0,1,108480,85
5,6,0,0,1,1,3,1,5,0,2,141500,73
6,6,1,0,2,0,2,1,5,1,2,176000,19
5,7,0,0,1,0,2,1,4,0,1,89000,85
5,7,0,1,1,0,2,1,6,0,1,123500,54
5,8,1,0,1,0,3,1,5,1,1,138500,45
7,5,0,0,2,0,2,1,5,0,2,196000,4
8,5,1,0,2,0,3,1,7,1,3,312500,4
7,5,0,0,1,1,3,1,6,0,2,140000,37
8,5,0,0,2,1,4,1,10,1,3,361919,0
5,9,0,0,2,0,4,2,8,1,2,140000,110
7,5,1,0,2,0,3,1,7,0,2,213000,6
4,5,0,0,2,0,3,2,7,0,0,55000,80
7,5,1,0,2,0,2,1,5,2,2,302000,36
8,5,1,0,2,0,2,1,6,1,2,254000,3
7,5,0,0,2,1,3,1,8,1,2,179540,0
5,7,0,0,1,0,3,1,6,0,1,109900,42
3,6,0,0,1,0,2,1,5,0,0,52000,73
4,7,0,0,1,0,2,1,7,0,1,102776,110
8,5,1,0,2,0,2,1,5,1,2,189000,20
4,5,1,0,1,0,3,1,6,0,2,129000,36
6,8,0,0,2,1,3,1,6,0,2,130500,34
6,5,0,0,2,0,3,1,7,1,2,165000,35
7,8,0,0,1,1,3,1,8,0,2,159500,117
5,6,0,1,1,1,3,1,5,1,2,157000,35
7,5,1,0,2,1,3,1,9,1,3,341000,15
5,6,0,0,1,1,3,1,5,1,1,128500,37
8,5,1,0,2,0,2,1,5,1,2,275000,21
6,5,1,0,1,0,1,1,3,0,2,143000,6
4,7,0,0,1,0,3,1,5,0,2,124500,39
4,6,0,0,2,0,4,1,7,0,1,135000,54
9,5,1,0,2,0,3,1,8,1,3,320000,2
4,6,0,0,1,0,3,1,5,0,2,120500,39
6,9,1,0,2,0,3,1,5,1,2,222000,21
7,5,1,0,2,0,2,1,6,0,2,194500,2
5,5,1,0,2,0,4,2,9,0,3,110000,51
4,5,0,0,1,0,2,1,5,0,2,103000,84
8,5,1,0,2,0,2,1,5,1,2,236500,15
7,5,1,0,2,0,3,1,6,1,2,187500,4
7,5,0,0,2,1,3,1,8,1,2,222500,10
5,6,1,0,1,0,3,1,6,1,1,131400,48
5,5,0,0,1,0,3,1,6,0,1,108000,39
7,7,0,0,1,1,2,1,6,2,2,163000,92
3,4,0,0,2,0,2,2,6,0,2,93500,56
8,5,0,0,2,1,3,1,8,1,3,239900,1
5,5,3,0,3,0,3,1,5,0,0,179000,22
7,5,0,0,2,1,3,1,7,0,2,190000,5
5,7,0,0,2,0,2,1,7,0,2,132000,97
6,8,1,1,1,0,3,1,5,0,1,142000,47
7,5,0,0,2,0,3,1,6,0,2,179000,7
5,6,0,1,2,0,3,1,6,1,2,175000,46
8,5,1,0,2,0,2,1,5,1,2,180000,15
8,9,0,1,3,1,4,1,11,2,2,299800,32
7,5,0,0,2,1,4,1,8,1,2,236000,9
7,7,0,0,1,1,4,1,8,1,4,265979,129
7,5,1,0,2,0,3,1,7,1,2,260400,14
4,3,0,0,2,0,4,1,9,0,1,98000,64
4,7,0,0,1,0,3,1,7,0,0,96500,100
7,5,0,0,2,1,3,1,6,0,2,162000,4
6,5,1,0,2,0,3,1,6,0,2,217000,9
8,5,0,0,2,1,3,1,8,1,3,275500,1
6,8,1,0,1,0,3,1,5,0,2,156000,40
6,5,0,0,2,1,3,1,6,0,2,172500,10
8,5,0,0,2,1,3,1,7,0,2,212000,2
6,5,0,0,2,1,3,1,6,1,2,158900,32
7,5,0,0,2,1,3,1,6,0,2,179400,9
8,5,0,0,2,1,4,1,9,1,3,290000,12
6,6,0,0,1,0,2,1,5,0,1,127500,50
5,5,0,0,1,0,2,1,5,0,2,100000,85
7,5,0,0,2,1,3,1,7,0,2,215200,1
8,5,1,0,2,1,3,1,8,1,3,337000,10
8,5,1,0,1,1,2,1,6,1,2,270000,11
9,5,0,0,2,0,2,1,6,1,2,264132,0
7,5,0,0,2,1,3,1,7,1,2,196500,22
6,7,1,0,2,0,4,1,7,0,1,160000,68
7,5,0,0,2,0,3,1,8,1,2,216837,2
8,5,1,0,3,1,4,1,12,1,3,538000,7
5,5,1,0,1,0,2,1,5,0,2,134900,27
4,5,0,0,1,0,2,1,6,0,2,102000,55
6,5,1,0,1,0,3,1,6,1,2,107000,34
5,5,0,0,1,0,2,1,5,0,1,114500,49
8,5,0,0,2,0,3,1,9,1,3,395000,1
6,5,1,0,2,0,2,1,5,0,2,162000,11
7,5,0,0,2,0,3,1,7,0,3,221500,1
5,5,1,0,1,0,3,1,5,1,2,142500,32
5,5,0,0,2,0,4,2,10,2,2,144000,30
6,5,1,0,1,0,2,1,4,0,2,135000,29
7,5,0,0,2,0,3,1,6,1,2,176000,12
6,5,0,0,2,1,3,1,7,0,2,175900,14
7,5,0,0,2,0,3,1,6,0,2,187100,8
5,6,1,0,1,0,1,1,4,1,2,165500,31
6,6,0,0,2,0,3,1,9,1,0,128000,94
6,5,0,0,2,0,3,1,7,1,2,161500,42
5,6,1,0,2,0,4,1,7,0,1,139000,95
7,5,1,0,2,1,4,1,8,0,2,233000,6
4,7,0,0,1,0,2,1,4,0,1,107900,54
6,8,0,0,2,1,5,1,9,0,2,187500,41
7,5,0,0,2,0,2,1,5,1,2,160200,4
6,5,1,0,1,0,3,1,5,2,2,146800,31
7,5,1,0,2,1,3,1,8,1,2,269790,11
8,5,0,0,2,0,3,1,7,0,2,225000,0
7,5,0,0,2,1,3,1,7,1,2,194500,14
6,6,0,0,2,1,3,1,7,1,2,171000,30
6,5,0,0,1,1,3,1,7,1,2,143500,30
5,5,0,0,1,0,2,1,4,0,1,110000,55
9,5,0,0,3,1,4,1,11,2,3,485000,1
5,7,1,0,1,1,3,1,7,2,1,175000,70
6,5,1,0,2,1,4,1,8,0,2,200000,11
4,7,1,0,1,0,2,1,5,0,2,109900,91
7,5,1,0,2,1,3,1,7,1,2,189000,3
9,5,0,0,3,1,4,1,12,1,3,582933,1
5,5,0,0,1,0,2,1,5,0,1,118000,52
7,5,0,0,2,0,3,1,6,0,2,227680,0
5,5,0,0,2,0,3,1,6,0,1,135500,39
5,6,2,0,1,1,3,1,6,1,2,223500,86
5,5,1,0,1,0,3,1,6,1,2,159950,40
5,5,0,0,2,0,2,3,11,0,2,106000,111
6,6,1,0,1,1,3,1,5,1,2,181000,32
6,5,1,0,1,0,1,1,4,1,2,144500,4
5,5,0,0,1,0,2,1,4,0,2,55993,58
6,6,0,0,1,1,4,1,7,0,1,157900,49
5,7,0,1,1,1,3,1,7,0,1,116000,88
7,5,0,0,2,0,3,1,6,0,2,224900,12
5,6,0,0,1,0,2,1,4,1,1,137000,52
8,5,1,0,2,0,3,1,7,2,3,271000,6
6,7,1,0,1,0,3,1,6,0,2,155000,39
7,5,1,0,2,0,2,1,6,1,2,224000,1
7,5,0,0,2,1,3,1,6,0,2,183000,5
4,4,0,0,1,0,2,1,4,0,2,93000,56
7,5,0,0,2,1,3,1,7,1,2,225000,4
6,7,0,0,2,0,3,1,7,1,1,139500,69
8,5,0,0,2,0,3,1,7,1,2,232600,0
10,5,1,0,2,0,2,1,7,1,3,385000,1
5,6,1,0,1,0,2,1,5,0,0,109500,84
7,5,0,0,2,0,3,1,6,1,2,189000,8
5,5,0,1,2,1,3,1,7,0,2,185000,42
7,5,0,0,2,1,2,1,4,0,2,147400,1
6,5,1,0,1,1,3,1,6,2,2,166000,51
7,5,0,0,2,1,2,1,4,0,2,151000,1
7,6,1,0,2,1,3,1,7,1,2,237000,7
6,6,0,0,1,1,3,1,6,0,2,167000,45
5,6,1,0,1,0,3,1,6,0,2,139950,47
4,7,0,0,2,0,2,1,4,0,2,128000,60
5,6,1,0,1,0,2,1,5,0,2,153500,59
6,5,1,0,1,1,2,1,5,0,1,100000,35
5,6,0,0,1,1,3,1,6,0,1,144000,13
5,6,0,0,1,0,3,1,6,0,1,130500,62
6,8,0,0,2,0,4,1,7,0,1,140000,83
5,8,0,0,2,0,3,1,8,1,2,157500,104
6,7,1,0,1,1,3,1,6,0,2,174900,42
5,4,0,0,2,0,6,2,10,0,0,141000,46
5,8,0,0,1,1,4,1,7,1,3,153900,93
5,5,1,0,2,0,3,1,6,2,2,171000,32
7,5,1,0,2,1,3,1,7,1,2,213000,16
5,6,1,0,1,0,3,1,5,1,1,133500,37
6,8,0,0,3,0,5,1,10,1,2,240000,100
6,7,0,0,2,1,3,1,7,1,2,187000,31
6,5,1,0,1,0,1,1,3,0,2,131500,4
8,5,0,0,2,0,2,1,7,1,2,215000,3
7,5,0,0,2,0,4,1,7,2,1,164000,66
6,6,0,0,1,1,3,1,7,1,2,158000,45
5,4,1,0,1,1,3,1,6,1,2,170000,51
5,8,1,0,1,1,3,1,6,0,1,127000,48
6,6,1,0,1,0,3,1,5,0,2,147000,30
6,5,0,0,2,1,3,1,6,1,2,174000,15
7,5,0,0,2,0,3,1,6,1,2,152000,33
6,7,1,0,2,1,4,1,9,1,2,250000,38
7,8,0,0,1,1,3,1,7,1,1,189950,89
5,4,1,0,1,1,3,1,6,0,2,131500,45
6,5,0,0,2,0,3,1,6,0,2,152000,26
5,5,1,0,1,0,3,1,6,0,1,132500,50
7,5,0,0,2,0,3,1,6,0,2,250580,1
5,6,1,0,1,0,3,1,5,0,2,148500,39
8,5,0,0,2,0,3,1,6,1,3,248900,1
4,5,1,0,1,1,3,1,5,0,2,129000,46
5,6,0,0,2,0,2,1,7,1,2,169000,58
7,5,1,0,2,1,3,1,8,1,2,236000,17
5,5,0,0,1,0,2,1,5,0,1,109500,47
6,5,0,0,2,1,3,1,7,0,2,200500,12
5,7,0,0,1,0,3,1,5,0,2,116000,55
5,7,0,0,1,0,3,1,6,1,1,133000,60
5,6,0,0,1,1,3,1,5,0,1,66500,68
8,5,0,0,2,1,4,1,11,1,2,303477,0
4,5,1,0,1,0,3,1,5,0,2,132250,44
9,5,1,0,2,1,4,1,10,1,3,350000,5
5,7,1,0,1,0,3,1,6,0,2,148000,49
5,8,1,0,1,0,3,1,6,0,1,136500,31
5,5,1,0,1,1,2,1,5,0,2,157000,2
7,5,0,0,2,1,3,1,7,1,2,187500,17
6,5,0,0,2,1,3,1,7,1,2,178000,17
4,5,1,0,1,0,5,1,10,0,1,118500,94
5,5,0,0,1,0,3,1,5,0,1,100000,42
9,5,1,0,2,0,2,1,5,1,2,328900,9
5,5,0,0,2,0,4,2,8,0,2,145000,47
5,7,0,0,1,1,3,1,8,0,1,135500,53
8,6,1,0,2,0,4,1,8,1,2,268000,37
6,4,1,0,1,0,2,1,6,1,2,149500,56
5,7,0,0,1,0,3,1,6,1,2,122900,58
6,5,0,0,2,1,3,1,7,1,2,172500,31
6,8,0,1,1,0,3,1,6,0,1,154500,43
5,5,1,0,1,0,3,1,6,1,1,165000,54
5,5,0,0,2,0,4,2,8,0,2,118858,30
6,5,1,0,1,1,4,1,8,1,2,140000,45
4,6,0,0,1,0,2,1,6,0,1,106500,70
5,5,0,0,2,0,6,2,12,0,2,142953,30
9,5,1,0,2,1,2,1,11,2,3,611657,1
5,7,0,0,1,0,3,1,6,1,1,135000,45
4,6,0,0,1,0,2,1,4,0,1,110000,36
5,7,1,0,1,0,2,1,5,0,1,153000,52
7,5,0,0,2,1,3,1,8,1,2,180000,3
7,5,0,0,2,0,3,1,7,1,3,240000,0
5,6,0,0,1,0,3,1,6,0,1,125500,40
5,5,1,0,1,0,3,1,6,0,1,128000,56
8,5,1,0,2,0,3,1,8,1,3,255000,1
7,7,0,0,1,1,3,1,6,1,1,250000,70
5,5,1,0,1,0,2,1,5,0,2,131000,23
6,5,0,0,2,1,3,1,8,1,2,174000,4
5,5,0,0,2,0,5,2,12,0,2,154300,50
5,7,0,0,1,1,3,1,5,0,1,143500,32
5,7,0,0,1,0,3,1,6,0,1,88000,81
5,6,0,0,2,0,4,2,8,0,3,145000,58
6,5,0,0,2,1,2,1,4,0,2,173733,0
4,5,0,0,1,1,3,1,6,0,1,75000,37
2,3,1,0,0,0,1,1,4,0,1,35311,57
4,6,0,0,1,0,3,1,6,0,1,135000,53
7,5,1,0,2,1,4,1,8,1,3,238000,16
6,8,1,0,1,0,3,1,6,1,2,176500,50
6,5,0,1,2,1,3,1,7,0,2,201000,13
5,7,2,0,2,2,4,2,9,0,0,145900,108
6,5,0,0,2,0,3,1,6,1,2,169990,1
6,5,1,0,2,0,2,1,5,1,2,193000,15
6,6,1,0,2,0,3,1,7,1,2,207500,26
5,6,0,1,2,0,3,1,6,0,2,175000,31
8,5,0,0,2,1,4,1,10,1,3,285000,4
7,5,0,0,2,1,4,1,9,1,2,176000,40
8,5,0,0,2,0,3,1,7,1,2,236500,8
7,5,0,0,2,1,4,1,8,1,2,222000,9
8,5,0,0,2,0,3,1,7,0,3,201000,2
5,6,0,1,1,0,2,1,5,0,1,117500,44
9,5,0,0,2,0,3,1,8,1,3,320000,1
7,5,0,0,2,0,3,1,6,0,2,190000,5
7,7,1,0,2,0,4,1,9,1,2,242000,48
4,5,0,0,1,0,1,1,5,0,2,79900,80
7,5,1,0,2,0,2,1,5,0,2,184900,6
7,5,0,0,2,1,3,1,8,1,2,253000,4
7,5,0,0,2,1,3,1,7,0,3,239799,0
7,7,0,0,2,0,4,1,10,2,1,244400,70
6,5,0,0,2,0,4,2,8,0,2,150900,30
7,5,1,0,2,1,3,1,8,1,2,214000,10
4,3,2,0,2,0,4,2,8,0,0,150000,30
5,4,0,0,2,0,4,2,8,0,2,143000,40
6,6,0,1,1,0,3,1,7,1,2,137500,51
5,6,0,0,1,0,2,1,7,0,2,124900,119
5,6,1,0,1,0,3,1,6,1,1,143000,47
8,5,1,0,2,0,3,1,9,1,3,270000,5
7,5,0,0,2,1,3,1,7,1,2,192500,4
6,7,1,0,1,1,3,1,5,1,2,197500,38
5,8,1,0,1,0,3,1,5,0,2,129000,57
5,5,1,0,1,0,3,1,6,0,1,119900,41
5,8,0,1,1,0,2,1,5,0,1,133900,37
5,4,0,1,2,1,4,1,7,1,2,172000,39
6,5,0,2,2,0,4,0,4,0,0,127500,31
6,6,0,0,2,0,4,2,8,0,2,145000,61
6,6,0,0,1,1,2,1,5,1,2,124000,29
5,5,0,0,1,0,3,1,6,0,2,132000,45
7,5,1,0,2,0,3,1,6,0,2,185000,4
7,5,1,0,2,1,3,1,6,0,2,155000,11
5,7,1,0,1,0,2,1,4,0,0,116500,52
6,7,1,0,2,1,4,1,11,1,2,272000,31
6,6,1,0,2,1,3,1,7,1,2,155000,31
9,5,0,0,2,0,2,1,7,0,2,239000,2
7,5,1,0,2,1,4,1,8,1,2,214900,8
6,5,0,0,2,1,3,1,8,1,2,178900,2
5,7,1,0,1,1,2,1,7,2,1,160000,69
5,7,1,0,1,0,3,1,6,0,1,135000,53
3,6,0,0,1,0,2,1,6,0,0,37900,99
6,5,1,0,1,0,2,1,6,0,1,140000,48
4,4,0,0,1,1,4,1,6,0,0,135000,57
7,5,0,0,2,0,2,1,6,0,2,173000,6
6,5,0,0,2,0,2,1,5,1,1,99500,31
7,5,0,0,2,0,3,1,6,0,2,182000,1
7,8,0,0,1,0,3,1,8,0,2,167500,99
7,5,1,0,2,1,3,1,6,0,2,165000,6
4,7,0,0,1,0,2,1,4,0,0,85500,83
7,5,1,0,1,1,1,1,4,0,2,199900,1
4,5,0,0,1,0,3,1,5,0,2,110000,53
5,6,1,0,1,0,3,1,5,0,2,139000,46
7,9,1,0,1,0,3,1,6,0,2,178400,47
8,5,1,0,2,1,4,1,8,1,3,336000,11
7,5,0,0,2,0,2,1,6,1,2,159895,1
8,5,0,0,2,1,4,1,9,1,2,255900,6
5,5,0,0,2,0,4,2,8,0,2,126000,32
5,5,1,0,1,0,3,1,5,0,1,125000,58
6,8,0,0,1,0,2,1,5,0,1,117000,96
9,5,1,0,2,1,3,1,8,1,3,395192,1
6,6,0,0,2,1,4,1,8,1,2,195000,31
7,5,0,0,2,1,3,1,6,0,2,197000,0
8,5,1,0,2,1,3,1,7,1,3,348000,9
8,9,0,0,1,1,4,1,8,1,2,168000,127
6,8,0,0,2,1,3,1,7,1,2,187000,43
6,5,0,0,2,1,3,1,6,0,2,173900,1
10,5,1,0,2,0,3,1,7,1,3,337500,3
4,7,1,0,1,1,3,1,5,0,1,121600,60
5,6,1,0,1,0,3,1,6,0,1,136500,45
6,6,0,0,2,0,2,1,6,1,2,185000,39
3,4,0,0,1,0,3,1,6,1,1,91000,84
7,5,1,0,2,0,2,1,6,0,2,206000,4
3,3,0,0,1,0,2,1,4,0,2,82000,57
5,6,0,0,1,0,2,1,4,0,1,86000,87
8,5,0,0,2,0,3,1,7,1,3,232000,2
5,6,0,0,2,0,4,2,8,0,2,136905,31
7,5,0,0,2,0,1,1,7,1,2,181000,4
5,8,0,0,2,0,3,1,6,0,1,149900,31
6,3,0,1,2,0,3,1,7,1,2,163500,37
4,4,0,0,1,1,3,1,6,0,1,88000,39
7,5,0,0,2,0,3,1,7,1,2,240000,5
5,5,0,0,2,0,4,1,7,0,0,102000,80
5,5,0,0,2,0,4,1,7,1,1,135000,60
5,5,0,0,2,0,4,2,8,0,0,100000,45
6,7,0,0,1,1,3,1,7,2,1,165000,84
5,4,1,0,1,0,2,1,4,0,1,85000,99
6,5,0,0,1,0,2,1,5,1,1,119200,59
8,6,1,0,2,1,3,1,6,0,2,227000,8
7,5,1,0,2,0,3,1,6,1,2,203000,13
8,5,1,0,1,0,1,1,4,1,2,187500,25
7,5,0,0,2,1,3,1,7,1,2,160000,16
7,5,0,0,2,0,2,1,6,1,2,213490,1
4,5,1,0,1,1,2,1,5,0,2,176000,3
7,5,1,0,2,0,2,1,6,0,2,194000,0
5,5,0,0,1,0,2,1,6,0,1,87000,77
7,5,0,0,2,0,2,1,7,1,2,191000,3
8,6,1,0,2,0,2,1,10,1,2,287000,32
5,5,1,0,1,0,3,1,5,0,2,112500,35
5,5,1,0,1,0,3,1,6,2,2,167500,50
8,5,1,0,2,0,3,1,7,1,3,293077,1
5,5,1,0,1,0,3,1,6,1,1,105000,66
6,7,0,1,1,1,3,1,7,0,1,118000,34
5,8,0,0,2,0,5,2,10,0,0,160000,90
7,3,1,0,2,1,5,1,12,2,2,197000,89
8,7,1,0,2,1,5,1,10,1,3,310000,13
7,5,1,0,2,0,3,1,6,0,3,230000,4
5,7,0,0,1,0,2,1,5,1,1,119750,69
4,3,0,0,1,0,3,1,5,0,1,84000,52
9,5,1,0,2,0,2,1,6,1,3,315500,2
8,5,0,0,2,1,3,1,7,1,2,287000,7
4,6,0,0,1,1,3,1,6,1,0,97000,39
4,4,1,0,1,0,1,1,3,0,1,80000,39
5,4,1,0,2,0,3,1,8,1,2,155000,49
6,8,0,1,1,1,4,1,7,0,2,173000,42
6,5,1,0,2,0,1,1,5,1,2,196000,4
7,5,1,0,2,1,4,1,10,1,2,262280,18
8,5,1,0,2,1,4,1,9,1,2,278000,28
3,5,0,0,2,0,4,1,8,1,2,139600,54
9,5,0,0,3,1,4,1,11,1,3,556581,1
5,5,0,1,1,0,3,1,5,0,2,145000,14
5,4,0,0,1,0,3,1,9,1,2,115000,49
4,7,0,0,1,0,2,1,6,0,1,84900,64
7,5,0,0,2,0,3,1,6,0,2,176485,0
7,5,0,0,2,0,3,1,6,1,2,200141,0
6,6,0,1,1,1,4,1,9,1,2,165000,43
5,6,0,0,1,0,4,1,7,1,1,144500,53
8,5,1,0,2,1,3,1,7,1,2,255000,4
6,5,0,1,2,0,3,1,7,1,2,180000,32
7,5,1,0,2,0,2,1,6,1,2,185850,1
7,6,0,0,2,1,3,1,7,1,2,248000,15
9,5,1,0,2,1,3,1,10,1,3,335000,1
6,7,0,0,1,1,3,1,7,1,2,220000,75
8,5,1,0,2,0,2,1,6,0,2,213500,9
3,4,0,0,1,0,2,1,6,0,3,81000,73
5,5,0,0,2,0,5,2,10,0,2,90000,107
6,6,0,0,1,0,2,1,5,1,2,110500,81
5,6,0,0,1,1,3,1,6,1,2,154000,43
7,5,1,0,2,1,3,1,7,0,2,328000,14
6,7,0,0,2,1,3,1,7,1,2,178000,16
6,6,1,0,1,1,4,1,7,0,2,167900,44
6,4,1,0,2,1,5,1,10,1,2,151400,33
5,7,0,1,1,0,2,1,4,0,2,135000,58
5,5,1,0,1,0,3,1,6,0,1,135000,51
6,6,0,0,1,1,4,1,8,0,2,154000,41
5,3,1,1,1,0,4,1,7,1,1,91500,58
6,6,0,0,1,1,3,1,6,0,2,159500,32
7,5,0,0,2,0,2,1,5,0,3,194000,1
7,6,0,0,1,1,3,1,6,2,1,219500,67
5,8,0,1,2,0,3,1,7,1,2,170000,70
5,5,1,0,1,0,3,1,6,0,1,138800,37
6,5,1,0,1,0,1,1,3,1,2,155900,2
5,5,0,0,1,0,3,1,5,0,1,126000,13
6,7,0,1,2,0,3,1,5,0,2,145000,37
5,5,1,0,1,1,3,1,5,0,1,133000,47
7,5,0,0,2,0,3,1,6,1,2,192000,5
6,6,1,0,1,0,3,1,6,2,1,160000,42
6,5,0,0,2,1,3,1,6,1,2,187500,11
6,6,1,0,1,0,2,1,5,0,2,147000,18
4,5,0,0,1,1,3,1,6,0,1,83500,37
8,5,0,0,2,1,3,1,9,1,3,252000,4
7,5,0,0,2,0,3,1,7,0,2,137500,2
8,5,1,0,1,1,1,1,4,1,2,197000,1
3,4,0,0,2,0,2,2,6,0,2,92900,59
7,5,1,0,2,1,2,1,4,0,2,160000,9
6,5,0,0,2,0,4,1,7,1,2,136500,83
5,8,1,0,1,1,1,1,6,0,2,146000,41
5,7,1,0,1,0,2,1,4,0,1,129000,54
6,5,0,0,2,0,3,1,6,1,2,176432,1
6,7,0,0,1,1,3,1,7,0,0,127000,93
8,5,0,0,1,1,2,1,5,0,2,170000,21
4,6,0,0,1,0,3,1,6,0,1,128000,73
7,5,0,0,2,0,3,1,7,1,2,157000,31
2,5,0,0,1,0,1,1,3,0,1,60000,89
5,5,0,0,1,0,3,1,5,0,1,119500,36
5,7,0,0,1,0,2,1,6,0,1,135000,47
6,6,0,1,1,0,3,1,6,1,2,159500,47
5,5,0,0,2,1,3,1,6,0,2,106000,37
8,5,1,0,2,1,3,1,9,2,2,325000,16
7,5,1,0,2,0,3,1,6,1,2,179900,17
7,5,0,0,2,1,3,1,9,1,2,274725,0
6,5,0,0,2,1,3,1,7,1,2,181000,7
8,5,1,0,2,0,3,1,7,1,3,280000,5
6,5,1,0,2,1,3,1,8,1,2,188000,13
7,6,0,0,2,1,4,1,8,1,2,205000,32
5,7,1,0,1,0,2,1,5,0,1,129900,49
5,7,1,0,1,0,2,1,6,0,1,134500,54
5,7,0,0,1,0,2,1,4,0,1,117000,52
8,5,1,0,2,0,3,1,7,1,3,318000,0
8,5,1,0,2,1,3,1,7,1,2,184100,7
5,7,1,0,1,0,3,1,5,0,2,130000,41
5,6,0,1,1,0,3,1,6,0,1,140000,50
5,5,0,0,1,0,3,1,6,0,1,133700,47
6,5,0,0,1,0,2,1,6,1,1,118400,87
7,5,0,0,2,0,3,1,7,0,3,212900,1
4,3,0,0,1,0,3,1,5,0,1,112000,53
5,9,0,1,1,0,2,1,4,0,0,118000,62
7,5,0,0,2,1,3,1,7,1,2,163900,15
4,5,0,0,1,0,2,1,5,1,2,115000,54
7,5,0,0,2,0,2,1,7,1,3,174000,2
7,5,1,0,2,0,3,1,7,1,3,259000,3
7,5,0,0,2,1,4,1,8,1,2,215000,3
5,5,1,0,1,0,2,1,4,0,2,140000,27
4,3,1,0,2,0,4,1,7,2,2,135000,81
5,5,0,0,1,0,3,1,5,0,0,93500,16
6,4,0,0,2,0,5,1,8,0,1,117500,127
8,5,0,0,2,1,3,1,8,1,2,239500,14
6,5,0,0,2,1,3,1,7,1,2,169000,10
6,5,0,0,1,0,2,1,5,1,1,102000,81
6,5,0,0,1,0,3,1,6,0,1,119000,58
5,8,0,0,1,0,2,1,6,0,0,94000,135
6,5,1,0,2,0,2,1,5,2,2,196000,32
5,5,0,0,1,0,3,1,6,1,2,144000,87
5,7,1,0,1,0,2,1,4,0,2,139000,57
5,7,1,0,2,1,4,1,9,1,2,197500,33
8,5,1,0,3,0,4,1,11,1,3,424870,1
5,3,0,0,1,0,3,1,5,0,0,80000,49
4,4,1,0,1,0,2,1,5,0,1,80000,69
5,6,0,0,1,0,3,1,8,1,1,149000,78
6,5,1,0,2,0,3,1,5,1,2,180000,21
7,7,0,0,1,1,3,1,7,1,1,174500,68
7,7,0,0,1,0,2,1,5,1,1,116900,82
7,9,0,1,1,0,3,1,7,0,2,143000,89
6,5,0,0,1,0,2,1,4,1,1,124000,57
5,4,0,0,1,1,3,1,6,2,2,149900,47
6,7,0,0,1,0,2,1,6,1,2,230000,50
6,8,0,0,1,0,2,1,5,0,1,120500,78
7,6,0,0,1,2,4,1,8,2,2,201800,43
5,8,1,0,2,0,3,1,6,1,2,218000,31
5,8,0,1,2,0,3,1,6,1,2,179900,43
7,5,1,0,2,0,2,1,6,1,2,230000,2
8,5,0,0,2,0,3,1,7,0,3,235128,1
6,6,0,0,2,1,4,1,8,1,2,185000,34
6,5,0,0,2,1,3,1,7,1,2,146000,32
6,7,1,0,1,0,3,1,7,1,2,224000,54
5,5,0,0,1,0,3,1,5,1,2,129000,39
4,4,2,0,0,2,0,2,6,0,2,108959,39
5,7,1,0,1,1,2,1,5,1,2,194000,29
7,5,0,0,2,0,3,1,7,0,2,233170,0
8,5,0,0,2,0,3,1,7,0,3,245350,2
6,5,1,0,2,1,3,1,7,1,2,173000,6
6,7,0,0,2,0,4,1,7,2,2,235000,73
10,5,1,0,3,1,4,1,10,1,3,625000,11
6,6,1,0,1,0,3,1,6,1,1,171000,31
6,6,1,0,1,0,3,1,6,1,2,163000,50
7,5,0,0,2,1,2,1,5,0,2,171900,2
5,6,0,0,3,0,3,1,12,1,0,200500,61
6,8,0,0,2,1,4,1,9,1,2,239000,74
8,5,0,0,2,1,4,1,9,1,2,285000,15
5,5,1,0,1,0,3,1,5,0,1,119500,24
6,8,0,0,1,0,3,1,5,0,1,115000,83
5,6,0,0,1,1,3,1,7,1,1,154900,88
5,5,0,0,1,0,3,1,5,1,0,93000,52
7,5,0,0,2,1,4,1,8,0,2,250000,16
8,5,1,1,2,0,2,1,5,1,2,392500,0
10,5,1,0,3,1,4,1,10,2,3,745000,11
5,6,1,0,1,0,2,1,5,1,2,120000,86
5,4,1,0,1,1,3,1,5,2,3,186700,44
5,7,1,0,1,0,4,1,7,0,1,104900,82
3,5,1,0,2,0,3,2,7,0,2,95000,109
8,5,1,0,2,0,2,1,5,1,3,262000,12
7,5,0,0,2,1,3,1,7,0,2,195000,7
7,5,0,0,2,1,3,1,7,1,2,189000,11
4,4,1,0,1,0,3,1,7,1,4,168000,46
8,5,0,0,2,1,2,1,5,0,2,174000,8
5,8,0,0,1,0,3,1,6,0,1,125000,82
6,5,1,0,2,0,2,1,5,0,2,165000,10
6,7,0,0,1,1,4,1,7,0,1,158000,41
6,5,0,0,2,1,3,1,8,0,2,176000,3
7,5,0,0,2,1,4,1,9,1,3,219210,0
7,6,0,0,1,0,3,1,7,1,1,144000,90
7,5,0,0,2,0,3,1,6,0,2,178000,8
4,5,0,0,1,1,3,1,6,1,2,148000,43
4,5,0,0,1,0,3,1,5,0,1,116050,36
7,5,0,0,2,1,3,1,6,0,2,197900,11
5,8,1,0,1,0,3,1,5,1,1,117000,84
7,5,0,0,2,0,3,1,6,1,2,213000,9
5,6,1,0,1,1,3,1,6,0,2,153500,31
7,7,0,0,2,0,3,1,7,1,3,271900,19
4,4,1,0,1,0,2,1,5,0,1,107000,40
6,5,1,0,2,0,3,1,7,0,2,200000,3
5,7,1,0,1,0,3,1,6,0,2,140000,46
8,5,1,0,2,0,3,1,8,1,2,290000,0
6,5,0,0,2,1,3,1,8,1,2,189000,18
8,7,0,0,2,0,4,1,8,0,2,164000,22
4,6,1,0,1,0,2,1,4,0,1,113000,68
4,9,1,1,0,0,0,1,3,0,1,145000,41
5,5,1,0,1,0,3,1,6,0,1,134500,44
5,5,0,0,1,0,3,1,5,0,1,125000,41
6,5,0,0,2,0,4,2,8,0,2,112000,32
8,5,1,0,2,0,3,1,6,0,2,229456,0
4,5,0,0,1,0,2,1,3,0,0,80500,59
6,5,0,0,1,1,3,1,7,0,0,91500,35
5,5,0,0,1,0,2,1,5,0,1,115000,42
5,5,0,0,1,0,3,1,5,1,1,134000,40
6,6,0,0,2,0,3,1,7,1,1,143000,58
5,3,0,0,2,0,4,1,7,0,2,137900,55
7,5,1,0,2,1,3,1,8,1,2,184000,4
6,8,0,1,1,0,3,1,6,0,1,145000,49
6,5,0,0,2,1,4,1,9,1,3,214000,1
5,8,1,0,1,0,2,1,5,0,2,147000,43
9,5,1,0,1,1,1,1,7,1,3,367294,0
5,5,0,0,2,0,4,1,7,0,1,127000,48
5,5,0,0,2,2,4,2,12,1,2,190000,30
5,6,1,0,1,0,3,1,6,0,2,132500,44
4,5,0,0,2,0,2,2,6,0,2,101800,45
5,5,1,0,1,0,3,1,6,0,2,142000,51
5,6,0,0,1,1,4,1,7,0,0,130000,97
5,5,0,0,1,1,4,1,9,0,1,138887,92
7,5,0,0,2,1,2,1,6,0,2,175500,7
7,5,0,0,2,1,4,1,8,1,2,195000,2
6,5,0,0,1,1,3,1,6,0,2,142500,1
8,5,0,0,2,0,2,1,6,1,2,265900,1
7,5,1,0,2,1,3,1,8,0,2,224900,5
7,6,0,0,2,0,3,1,7,0,3,248328,0
7,6,1,0,2,0,3,1,6,2,2,170000,36
10,5,1,0,2,1,2,1,7,1,3,465000,0
8,7,0,0,1,0,3,1,7,2,2,230000,77
6,7,0,0,3,1,3,1,7,1,2,178000,23
7,5,0,0,2,1,3,1,6,0,2,186500,1
6,5,1,0,1,0,3,1,6,0,3,169900,34
6,5,0,0,1,1,3,1,8,1,2,129500,91
5,7,0,0,1,0,3,1,6,0,1,119000,57
7,5,1,0,2,1,3,1,8,2,2,244000,42
7,5,0,0,2,0,2,1,6,1,2,171750,3
5,6,1,0,1,0,3,1,5,0,1,130000,41
7,7,1,0,2,1,3,1,9,2,2,294000,33
7,5,0,0,2,1,3,1,7,1,2,165400,5
6,6,0,0,1,0,3,1,6,1,1,127500,76
8,5,1,0,2,0,2,1,7,1,2,301500,14
5,8,0,0,1,0,2,1,4,0,0,99900,87
7,5,1,0,2,0,2,1,5,0,2,190000,3
6,8,1,0,1,1,3,1,6,0,2,151000,39
6,5,0,0,2,1,3,1,7,1,2,181000,10
5,6,0,0,1,0,2,1,5,0,1,128900,53
4,5,1,0,1,0,5,1,8,2,1,161500,52
6,6,0,0,1,0,3,1,8,1,2,180500,88
6,5,1,0,2,0,2,1,5,0,2,181000,10
7,5,1,0,2,1,3,1,6,0,2,183900,7
7,4,0,0,1,1,4,2,9,1,1,122000,97
9,5,0,0,2,0,3,1,10,1,3,378500,2
8,9,0,0,3,1,4,1,11,2,3,381000,73
5,5,0,0,1,1,3,1,7,0,1,144000,49
7,6,2,0,0,1,0,1,4,1,2,260000,31
6,7,0,0,2,0,3,1,7,1,2,185750,41
5,6,1,0,1,0,3,1,5,0,1,137000,41
6,7,1,0,1,0,2,1,5,1,1,177000,49
5,6,0,0,2,0,3,1,8,1,2,139000,97
5,5,0,0,2,0,4,2,10,0,2,137000,59
6,6,0,1,1,1,3,1,6,1,2,162000,37
6,5,1,0,1,1,3,1,7,1,2,197900,42
8,5,1,0,2,1,3,1,7,1,2,237000,6
4,4,0,0,1,0,2,1,6,0,2,68400,90
7,5,1,0,2,0,3,1,6,0,2,227000,7
7,5,1,0,2,0,2,1,6,1,2,180000,16
5,7,0,0,2,0,3,1,5,0,2,150500,32
6,5,0,0,2,2,4,2,8,0,0,139000,39
6,7,0,0,2,0,4,1,10,1,1,169000,91
6,6,0,0,1,0,4,1,6,1,1,132500,70
6,5,1,0,1,1,3,1,6,2,2,143000,47
5,5,0,1,2,0,4,1,7,0,2,190000,42
8,5,1,0,2,0,2,1,5,1,2,278000,9
8,5,0,0,2,1,3,1,8,1,3,281000,0
5,7,1,0,1,0,3,1,6,1,2,180500,46
5,7,0,0,2,1,3,1,6,0,1,119500,37
5,4,0,0,2,0,4,2,11,0,1,107500,117
7,5,0,0,2,1,4,1,8,1,2,162900,30
5,7,1,0,1,0,2,1,5,0,2,115000,51
5,5,1,0,1,1,3,1,5,0,1,138500,38
5,6,1,0,2,0,3,1,6,0,2,155000,45
6,5,1,0,2,0,2,1,5,0,2,140000,1
10,5,2,0,2,1,3,1,12,3,2,160000,0
5,7,1,0,1,1,3,1,6,0,1,154000,51
7,5,0,0,2,1,3,1,9,1,2,225000,10
6,7,0,0,1,0,3,1,7,2,1,177500,67
8,5,1,0,2,1,4,1,8,1,3,290000,12
7,5,0,0,2,0,3,1,7,0,3,232000,1
7,5,0,0,2,0,3,1,7,0,2,130000,2
9,5,1,0,2,0,2,1,6,2,2,325000,3
7,5,0,0,2,0,2,1,6,1,2,202500,1
5,5,1,0,1,0,3,1,5,0,2,138000,15
5,7,1,0,1,0,2,1,6,0,2,147000,60
6,5,1,0,2,0,3,1,6,0,2,179200,17
7,8,1,0,2,0,3,1,7,2,2,335000,51
7,5,1,0,2,0,3,1,6,0,2,203000,2
8,5,0,0,2,1,4,1,9,1,2,302000,17
9,5,0,0,2,1,4,1,10,1,3,333168,11
4,6,1,0,1,0,3,1,5,1,1,119000,53
6,5,0,0,2,1,4,1,9,2,2,206900,39
8,5,1,0,2,0,3,1,8,1,3,295493,1
7,5,0,0,2,0,2,1,5,1,2,208900,1
8,5,0,0,2,0,3,1,7,1,3,275000,5
4,5,0,0,1,0,3,1,5,0,1,111000,53
6,3,1,0,1,1,3,1,6,2,2,156500,52
3,6,0,0,1,0,2,1,4,0,1,72500,59
7,5,1,0,2,1,3,1,8,1,2,190000,18
4,7,0,0,1,0,2,1,5,0,0,82500,69
8,5,0,0,2,0,2,1,7,1,3,147000,1
4,4,0,0,1,0,2,1,5,0,0,55000,86
3,6,0,0,1,0,3,1,6,0,0,79000,76
5,9,0,1,1,0,3,1,5,1,1,130500,26
6,7,0,0,2,0,5,1,8,2,2,256000,88
7,5,0,0,2,1,3,1,8,1,2,176500,8
8,5,0,0,2,0,3,1,7,1,3,227000,1
5,5,0,0,1,0,3,1,6,0,2,132500,30
4,6,1,0,1,0,2,1,3,1,1,100000,71
5,6,0,0,1,1,2,1,6,0,1,125500,68
5,6,0,0,1,1,3,1,7,0,2,125000,39
6,5,0,1,2,0,2,1,6,1,2,167900,32
5,5,0,0,2,0,4,2,8,0,2,135000,35
4,4,0,0,1,0,2,1,4,0,0,52500,65
7,5,1,0,2,1,3,1,8,0,2,200000,4
5,7,0,0,1,0,3,1,5,0,1,128500,34
4,5,0,0,1,0,3,1,5,0,4,123000,36
6,5,1,0,1,0,3,1,6,0,2,155000,5
8,5,0,0,2,1,3,1,7,1,2,228500,5
6,6,0,0,1,1,3,1,9,1,2,177000,81
7,5,0,0,2,1,3,1,8,1,2,155835,1
4,4,0,0,1,0,2,1,5,0,1,108500,87
7,7,0,0,2,0,3,1,9,1,2,262500,38
8,5,1,0,2,0,3,1,7,1,3,283463,1
7,5,1,0,2,0,3,1,5,1,2,215000,9
8,5,0,0,2,0,4,1,8,0,0,122000,136
5,5,1,1,2,2,6,2,12,0,4,200000,40
6,6,0,0,1,1,4,1,8,1,2,171000,46
6,9,0,0,1,0,2,1,4,0,2,134900,72
8,5,1,0,2,1,4,1,9,1,3,410000,15
7,5,1,0,2,1,3,1,7,1,3,235000,8
7,6,0,0,3,0,4,1,8,1,2,170000,38
5,5,0,0,1,0,3,1,5,0,1,110000,42
5,6,1,0,1,1,3,1,6,1,2,149900,39
6,5,0,0,2,1,3,1,5,0,2,177500,10
9,5,1,0,2,0,3,1,8,1,3,315000,2
5,6,0,0,3,1,4,1,8,0,2,189000,87
7,5,1,0,2,0,3,1,7,1,2,260000,4
4,4,0,0,2,0,4,1,7,1,1,104900,89
6,5,0,0,2,1,3,1,6,1,2,156932,1
7,5,0,0,2,1,2,1,4,0,2,144152,1
7,5,1,0,2,1,3,1,7,0,2,216000,10
7,5,1,0,2,1,3,1,7,0,2,193000,9
5,6,0,0,2,0,4,1,6,1,1,127000,29
6,5,1,0,1,0,1,1,4,0,2,144000,6
8,5,1,0,2,0,3,1,8,1,2,232000,7
4,6,0,0,1,0,2,1,6,0,1,105000,89
6,6,1,0,1,0,3,1,8,1,1,165500,53
7,6,1,0,2,1,3,1,8,1,2,274300,8
10,5,1,0,2,1,2,1,8,2,3,466500,6
7,5,0,0,2,1,3,1,9,1,3,250000,3
8,5,0,0,2,0,3,1,7,1,3,239000,0
6,5,0,0,1,0,2,1,4,0,1,91000,78
5,5,0,0,2,0,3,1,6,0,2,117000,68
6,5,0,0,1,1,2,1,5,0,1,83000,33
5,5,0,0,2,1,3,1,7,0,2,167500,2
3,3,1,0,1,0,2,1,5,0,1,58500,96
6,7,0,0,2,1,4,1,7,2,2,237500,38
7,7,1,0,1,1,4,1,8,0,2,157000,86
5,7,0,0,2,0,3,1,7,0,2,112000,89
6,5,0,0,1,0,2,1,6,0,1,105000,70
4,8,1,0,1,0,3,1,7,0,1,125500,88
7,5,1,0,3,1,5,1,12,2,2,250000,28
6,7,0,0,2,0,5,1,10,1,1,136000,91
9,5,1,0,2,0,3,1,7,2,3,377500,3
6,6,0,1,1,0,3,1,6,1,2,131000,66
7,5,1,0,2,0,3,1,6,0,2,235000,6
5,5,0,0,2,0,4,2,8,0,3,124000,42
5,5,1,0,1,0,3,1,6,1,1,123000,39
6,7,0,0,2,0,3,2,7,1,2,163000,103
7,5,1,0,2,0,2,1,6,1,3,246578,0
8,5,0,0,2,1,4,1,9,1,3,281213,2
5,5,1,0,1,0,3,1,7,2,2,160000,62
5,8,0,0,1,1,4,1,8,0,1,137500,87
5,4,1,0,1,1,3,1,7,0,1,138000,59
6,6,0,0,2,1,3,1,7,1,1,137450,84
6,7,0,0,1,0,3,1,5,1,1,120000,79
6,5,1,0,2,1,3,1,8,1,2,193000,4
7,5,0,0,2,0,2,1,6,1,2,193879,0
8,5,1,0,2,0,3,1,6,0,3,282922,0
3,4,0,0,1,0,3,1,6,0,3,105000,91
8,5,1,1,2,0,2,1,5,1,2,275000,4
5,7,1,0,1,0,2,1,5,0,2,133000,37
5,5,1,0,1,0,3,1,5,0,0,112000,24
4,7,0,0,1,0,3,1,6,0,2,125500,100
7,6,0,0,2,1,3,1,7,1,2,215000,22
7,5,1,0,2,1,3,1,6,0,2,230000,8
6,8,0,0,1,1,3,1,6,0,1,140000,59
4,5,0,0,2,0,2,2,6,0,2,90000,60
8,5,1,0,2,0,2,1,7,1,2,257000,4
6,7,0,0,1,1,4,1,8,1,2,207000,85
7,5,0,1,2,0,1,1,7,1,3,175900,2
4,6,0,0,2,0,4,2,11,0,2,122500,125
8,5,1,0,2,1,3,1,7,1,3,340000,11
5,5,1,0,1,1,3,1,6,0,1,124000,45
6,5,1,0,2,0,3,1,7,1,2,223000,37
6,6,0,0,2,1,3,1,7,1,2,179900,38
6,5,0,0,2,0,2,1,4,1,2,127500,33
6,5,1,0,1,0,1,1,3,0,2,136500,5
6,7,0,0,2,0,4,1,8,1,2,274970,40
5,5,1,0,1,0,2,1,6,1,1,144000,49
6,6,0,0,1,0,3,1,7,0,2,142000,49
7,5,1,0,2,1,3,1,5,2,2,271000,14
5,6,1,0,1,1,3,1,6,1,1,140000,63
5,7,1,0,1,0,2,1,4,2,1,119000,70
6,7,0,0,2,0,3,1,7,1,2,182900,26
5,5,0,0,2,1,4,1,7,1,2,192140,1
6,6,0,0,2,0,2,1,5,0,2,143750,33
4,6,0,0,2,0,4,1,5,0,1,64500,80
6,5,1,0,2,1,3,1,8,1,2,186500,8
5,5,1,0,2,0,3,1,5,1,2,160000,29
6,9,1,0,1,1,3,1,7,1,2,174000,46
4,6,0,0,1,0,3,1,5,0,2,120500,36
8,5,1,0,2,0,2,1,7,1,3,394617,0
6,7,1,0,1,0,2,1,6,0,2,149700,53
7,6,0,0,2,1,3,1,6,1,2,197000,28
6,7,0,0,2,0,3,1,11,1,2,191000,86
6,5,1,0,1,0,1,1,3,1,2,149300,4
10,5,1,0,2,1,3,1,10,1,3,310000,1
6,6,0,0,1,0,2,1,4,1,1,121000,93
7,5,0,0,2,0,3,1,7,0,2,179600,3
6,5,1,0,1,0,3,1,6,0,1,129000,41
5,7,0,0,1,0,3,1,6,0,1,157900,48
8,5,1,0,2,1,3,1,8,1,2,240000,12
4,7,0,0,1,1,2,1,6,0,1,112000,97
5,7,1,0,1,0,1,1,3,0,0,92000,36
5,5,0,0,2,2,4,2,8,0,0,136000,35
8,5,0,0,2,0,3,1,7,1,3,287090,1
5,5,1,0,1,0,2,1,5,0,2,145000,1
5,5,0,0,1,0,3,1,6,0,0,84500,0
7,5,1,0,2,0,2,1,6,0,2,185000,5
6,5,0,0,2,1,3,1,7,1,2,175000,8
6,6,1,0,2,0,3,1,7,2,2,210000,32
7,9,0,0,2,0,4,1,9,2,1,266500,69
5,6,1,0,1,0,2,1,5,0,1,142125,60
5,6,1,0,1,1,3,1,6,0,1,147500,43